"","county_name","count_year","md_allergy_count","md_anesth_count","md_card_count","md_derm_count","md_emerg_med_count","md_fammed_count","md_gastr_count","md_genintmed_count","md_gen_surg_count","md_neuro_count","md_obgyn_count","md_ophth_count","md_psych_count","md_spec_count","md_surg_spec_count"
"1","Androscoggin",2018,0,9,4,2,23,42,7,27,21,2,5,4,3,83,47
"2","Androscoggin",2015,1,9,6,2,18,45,6,27,21,2,5,4,3,85,49
"3","Androscoggin",2010,1,7,8,2,14,54,5,31,14,6,7,4,6,80,45
"4","Aroostook",2018,0,6,2,1,9,30,0,22,9,1,12,3,2,48,34
"5","Aroostook",2015,0,2,2,0,8,27,0,21,8,1,12,5,2,44,34
"6","Aroostook",2010,0,3,2,0,7,31,0,18,13,2,8,4,2,33,36
"7","Cumberland",2018,7,89,53,20,130,168,21,200,99,24,75,20,110,590,311
"8","Cumberland",2015,7,87,47,22,121,157,20,206,86,20,73,21,110,563,294
"9","Cumberland",2010,6,84,48,15,92,136,16,184,68,22,64,25,114,519,258
"10","Franklin",2018,0,4,0,0,3,10,0,4,4,0,2,1,1,13,8
"11","Franklin",2015,0,2,0,0,4,14,0,3,3,1,3,1,1,13,8
"12","Franklin",2010,0,3,0,0,3,17,0,4,6,0,4,1,2,10,14
"13","Hancock",2018,1,8,2,1,9,38,0,20,9,1,4,4,5,36,28
"14","Hancock",2015,0,5,3,1,3,40,0,20,9,1,6,5,4,37,29
"15","Hancock",2010,0,2,0,1,7,37,0,16,5,3,9,5,3,28,30
"16","Kennebec",2018,0,12,7,4,12,91,8,26,13,7,7,5,10,81,42
"17","Kennebec",2015,0,12,7,2,9,99,7,30,15,8,7,6,13,80,47
"18","Kennebec",2010,1,11,4,1,12,86,6,31,16,3,9,6,20,76,55
"19","Knox",2018,0,3,3,2,11,16,2,13,5,3,4,5,7,32,23
"20","Knox",2015,0,4,2,0,9,14,1,13,5,4,5,5,7,31,26
"21","Knox",2010,0,4,1,0,8,15,1,13,6,3,4,4,6,33,25
"22","Lincoln",2018,0,2,0,0,7,24,0,9,1,0,2,1,2,17,12
"23","Lincoln",2015,0,2,0,0,6,23,0,9,1,0,1,1,2,18,9
"24","Lincoln",2010,0,2,0,0,4,25,0,9,3,0,2,1,5,16,16
"25","Oxford",2018,0,0,1,0,5,14,0,8,6,0,7,1,0,15,16
"26","Oxford",2015,0,1,1,0,3,15,0,8,8,0,5,1,0,13,16
"27","Oxford",2010,0,0,0,0,3,11,0,9,5,0,6,1,1,13,13
"28","Penobscot",2018,2,26,15,3,29,80,8,66,27,9,15,12,29,188,96
"29","Penobscot",2015,1,31,14,4,21,79,11,66,26,12,14,9,26,190,90
"30","Penobscot",2010,1,34,14,4,16,71,8,59,26,11,12,8,23,171,83
"31","Piscataquis",2018,0,2,0,0,2,7,0,3,2,0,2,1,2,3,9
"32","Piscataquis",2015,0,1,0,0,2,9,0,4,4,0,2,1,1,5,10
"33","Piscataquis",2010,0,1,0,0,2,7,0,3,3,0,2,1,1,4,10
"34","Sagadahoc",2018,0,5,0,0,2,5,1,11,1,0,0,2,1,20,4
"35","Sagadahoc",2015,0,3,0,0,1,6,1,13,1,0,0,2,1,19,6
"36","Sagadahoc",2010,0,2,0,0,0,6,2,14,0,0,1,2,3,19,5
"37","Somerset",2018,0,4,0,0,3,16,1,9,2,0,1,2,2,14,9
"38","Somerset",2015,0,3,0,0,3,18,2,12,4,0,1,0,1,18,10
"39","Somerset",2010,0,2,0,0,2,22,1,11,4,0,1,1,1,14,12
"40","Waldo",2018,0,4,1,0,7,19,0,5,2,2,2,1,3,11,10
"41","Waldo",2015,0,2,1,0,7,18,0,5,3,1,2,1,3,13,11
"42","Waldo",2010,0,4,1,0,9,17,1,4,5,1,3,1,5,12,14
"43","Washington",2018,0,2,0,0,3,9,1,3,5,0,2,0,1,8,10
"44","Washington",2015,0,1,0,0,3,9,2,1,3,0,2,0,1,7,8
"45","Washington",2010,0,4,0,0,1,8,0,5,5,0,1,0,2,8,12
"46","York",2018,1,12,7,0,17,52,1,42,14,6,9,6,9,85,47
"47","York",2015,1,15,6,0,14,53,2,44,11,7,13,7,8,92,50
"48","York",2010,1,14,9,0,15,53,3,36,13,5,15,7,9,85,58
"49","Androscoggin",2019,0,8,6,2,23,36,8,26,23,2,5,4,3,84,51
"50","Aroostook",2019,0,7,1,1,9,32,0,23,8,1,11,3,2,46,33
"51","Cumberland",2019,7,86,54,22,130,169,20,199,98,25,75,20,109,606,314
"52","Franklin",2019,0,4,0,0,2,10,0,4,4,0,2,1,1,13,8
"53","Hancock",2019,1,8,2,1,10,32,0,15,8,2,4,5,4,29,26
"54","Kennebec",2019,0,11,7,4,13,89,7,28,15,7,7,5,13,82,43
"55","Knox",2019,0,5,3,2,11,16,2,16,6,3,3,5,8,35,23
"56","Lincoln",2019,0,2,0,0,8,23,0,9,1,0,2,1,2,17,12
"57","Oxford",2019,0,1,1,0,6,14,0,8,5,1,6,1,0,15,14
"58","Penobscot",2019,2,24,14,3,32,77,7,68,27,8,13,12,26,182,94
"59","Piscataquis",2019,0,2,0,0,2,8,0,4,2,0,2,1,3,4,9
"60","Sagadahoc",2019,0,5,1,0,2,7,1,10,1,0,0,2,1,18,5
"61","Somerset",2019,0,4,0,0,2,16,1,9,2,0,1,2,2,13,10
"62","Waldo",2019,0,4,1,0,7,17,0,5,1,2,3,1,3,12,9
"63","Washington",2019,0,2,0,0,2,7,1,3,5,0,2,0,1,7,11
"64","York",2019,1,12,7,0,17,50,1,44,15,7,9,6,12,86,47
"65","Androscoggin",2020,0,8,6,2,24,34,8,25,22,2,5,2,3,80,48
"66","Aroostook",2020,0,7,1,1,7,30,0,24,7,1,12,3,2,47,32
"67","Cumberland",2020,7,86,58,22,133,170,20,199,97,25,74,21,112,602,319
"68","Franklin",2020,0,4,0,0,2,9,0,3,4,0,2,1,1,13,9
"69","Hancock",2020,1,7,2,1,11,31,0,14,8,2,4,5,4,28,26
"70","Kennebec",2020,0,11,7,5,13,85,7,27,16,7,7,5,10,82,45
"71","Knox",2020,0,5,4,2,12,16,2,18,5,3,3,5,8,39,22
"72","Lincoln",2020,0,2,1,0,8,22,0,8,1,0,2,1,2,19,13
"73","Oxford",2020,0,1,1,0,5,17,0,8,6,0,6,1,1,15,13
"74","Penobscot",2020,2,24,15,3,31,80,7,70,27,8,13,13,27,191,93
"75","Piscataquis",2020,0,2,0,0,2,8,0,3,2,0,1,1,2,4,8
"76","Sagadahoc",2020,0,5,0,0,2,7,1,10,1,0,0,2,1,18,5
"77","Somerset",2020,0,4,0,0,1,17,1,8,2,0,1,2,2,13,10
"78","Waldo",2020,0,5,0,0,6,16,0,6,0,2,3,2,3,10,8
"79","Washington",2020,0,2,0,0,2,7,1,3,5,0,2,0,1,7,11
"80","York",2020,1,11,8,0,18,48,1,44,15,7,9,6,15,93,48
"81","Androscoggin",2021,0,7,6,2,21,33,8,23,17,2,5,2,5,77,41
"82","Aroostook",2021,0,6,2,1,9,34,0,24,8,1,11,3,2,47,31
"83","Cumberland",2021,6,87,58,23,144,178,20,201,102,26,79,22,107,621,325
"84","Franklin",2021,0,6,0,0,2,8,0,2,4,0,2,1,1,13,9
"85","Hancock",2021,1,6,2,0,10,29,0,15,7,2,5,6,4,27,26
"86","Kennebec",2021,0,11,8,6,15,86,8,23,19,7,7,6,9,80,48
"87","Knox",2021,0,4,4,2,12,17,2,17,7,3,4,5,8,36,25
"88","Lincoln",2021,0,1,1,0,8,22,0,10,0,0,2,1,2,22,12
"89","Oxford",2021,0,1,1,0,5,18,0,8,4,0,7,1,0,14,13
"90","Penobscot",2021,2,24,15,3,30,73,7,82,24,10,12,11,26,206,91
"91","Piscataquis",2021,0,2,0,0,2,6,0,3,2,0,1,0,2,4,7
"92","Sagadahoc",2021,0,5,0,0,3,7,1,11,1,0,0,2,0,19,5
"93","Somerset",2021,0,5,0,0,1,21,1,5,2,0,4,3,2,10,13
"94","Waldo",2021,0,6,0,0,6,18,0,7,0,2,3,1,3,13,5
"95","Washington",2021,0,2,0,0,3,8,1,4,6,0,2,0,2,8,10
"96","York",2021,1,10,6,0,20,45,1,44,14,6,12,6,12,96,50
